President,Term,Term-End Date,Executive Overreach (Orders Issued),22nd Amendment Loophole Risk,Congressional Gridlock (Trifecta Status),Shutdowns,Judicial Challenges (Lawsuits),Scapegoat or Hero,Crash During Term,Major Factors (Cracks or Crash),Cracks Left for Successor,Successor President,Successor’s Outcome,Dollar Value Impact (2025 Dollars)
Ford (Republican),1974-1977,January 1977,5 (low),Low,No (High gridlock),1,10 (low),Scapegoat,"1973-1974, -42%","Stagflation, $0.7T debt, oil embargo","Stagflation, energy crisis",Carter (Democrat),Hero: S&P 500 up 32%,$1.7T loss (1974 crash)
Carter (Democrat),1977-1981,January 1981,15 (moderate),Low,Yes (Medium gridlock),5,20 (moderate),Hero,None,"Stagflation, $1T debt, Iran hostage","High inflation, debt",Reagan (Republican),Hero: S&P 500 up 104%,No crash
Reagan (Republican),1981-1989,January 1989,10 (low),Low,"Partial (Senate, High gridlock)",8,20 (low),Scapegoat,"October 1987, -22%","Automated trading, $2.8T debt, overreach (deregulation)","Low overreach, post-crash stability",G.H.W. Bush (Republican),Hero: S&P 500 up 45%,$500B loss (1987 crash)
G.H.W. Bush (Republican),1989-1993,January 1993,8 (low),Low,No (High gridlock),1,15 (low),Hero,None,"Tech bubble start, $4.4T debt","Low cracks, bubble building",Clinton (Democrat),Hero: S&P 500 up 226.6%,No crash
Clinton (Democrat),1993-2001,January 2001,15 (moderate),Low,"Yes (1993-1994, Medium gridlock)",2,30 (moderate),Hero,None,"Dot-com bubble, $5.6T debt, gridlock","Moderate gridlock, lawsuit risk",G.W. Bush (Republican),"Scapegoat: 2000-02 (-49%), 2007-09 (-57%)",$2T gain (1993-2001)
G.W. Bush (Republican),2001-2009,January 2009,12 (low),Low,"Yes (2003-2006, Medium gridlock)",0,50 (moderate),Scapegoat,"March 2000-March 2002, -49%; October 2007-March 2009, -57%","Housing bubble, $10T debt, lawsuits (bailouts)","Post-crash, lawsuit risk, recovery potential",Obama (Democrat),Hero: S&P 500 up 149.4%,$7T loss (2007-09 crash)
Obama (Democrat),2009-2017,January 2017,20 (moderate),Low,"Yes (2009-2010, Medium gridlock)",1,40 (moderate),Hero,None,"Stimulus, $20T debt, gridlock","Moderate overreach, gridlock, crash risk",Trump (Republican),Scapegoat: 2020 (-34%),$4T gain (2009-2017)
Trump (Republican),2017-2021,January 2021,25 (high),Medium (rhetoric on term limits),"Yes (2017-2018, Medium gridlock)",3,60 (high),Scapegoat,"February-March 2020, -34%","COVID, $27.7T debt, trade wars, lawsuits","High overreach, lawsuits, crash risk",Biden (Democrat),Hero: S&P 500 up 55%,$8T loss (2020 crash)
Biden (Democrat),2021-2025,January 2025,25 (high),Low,"Yes (2021-2022, High gridlock)",0,80 (high),Hero,None,"$37.4T debt, 6.8% rates, inflation, lawsuits","High overreach, gridlock, lawsuits, crash risk",Trump (Republican),Scapegoat (projected): 2025-2026 (-30-40%),$3T gain (2021-2025)
"Trump (Republican, Forecast)",2025-2029,January 2029,202+ (very high),High (third-term rhetoric),"Yes (High gridlock, shutdown risk)",1 (ongoing),300+ (very high),Scapegoat (projected),"October 2025-December 2026, -30-40%","25% tariffs, $42T debt, wars, cyberattacks, lawsuits","Post-crash, high lawsuits, recovery potential",Democrat (2029+),Hero (projected): S&P 500 up ~50%,$10T loss (projected)